noc,title,skill_level,2019_est_employments,2019_wage_est,job_outlook,job_openings,soft_skills
11,Legislators ,Mgt ,450,"$52,500.00",Fair ,140,n.a. 
12,Senior government managers and officials ,Mgt ,690,"$115,000.00",Good ,170,"Organized, excellent written communication, excellent oral communication "
13,"Senior managers - financial, communications and other business services ",Mgt ,1020,"$147,700.00",Good ,240,"Excellent written communication, organized, excellent oral communication "
14,"Senior managers - health, education, social and community services and membership organizations ",Mgt ,890,"$95,000.00",Good ,240,"Effective interpersonal skills, excellent written communication, excellent oral communication "
15,"Senior managers - trade, broadcasting and other services, n.e.c. ",Mgt ,850,"$80,500.00",Fair ,250,"Organized, team player, attention to detail "
16,"Senior managers - construction, transportation, production and utilities ",Mgt ,960,"$93,400.00",Fair ,280,"Attention to detail, excellent oral communication, tight deadlines "
111,Financial managers ,Mgt ,1870,"$100,300.00",Fair ,390,"Organized, attention to detail, accurate "
112,Human resources managers ,Mgt ,1160,"$93,300.00",Fair ,250,"Organized, excellent oral communication, team player "
113,Purchasing managers ,Mgt ,380,"$100,300.00",Fair ,70,"Team player, organized, attention to detail "
114,Other administrative services managers ,Mgt ,720,"$84,700.00",Fair ,160,"Organized, attention to detail, excellent oral communication "
121,"Insurance, real estate and financial brokerage managers ",Mgt ,750,"$101,100.00",Fair ,190,"Attention to detail, team player, effective interpersonal skills "
122,"Banking, credit and other investment managers ",Mgt ,1710,"$86,400.00",Fair ,300,"Organized, effective interpersonal skills, attention to detail, excellent oral communication "
124,"Advertising, marketing and public relations managers ",Mgt ,1240,"$86,900.00",Fair ,200,"Organized, team player, effective interpersonal skills "
125,Other business services managers ,Mgt ,560,"$63,200.00",Fair ,130,"Organized, dependability, effective interpersonal skills "
131,Telecommunication carriers managers ,Mgt ,310,"$122,500.00",Fair ,30,"Organized, work under pressure, team player, effective interpersonal skills, accurate, excellent oral communication "
132,Postal and courier services managers ,Mgt ,140,"$65,200.00",Fair ,10,n.a. 
211,Engineering managers ,Mgt ,420,"$161,600.00",Fair ,110,"Excellent oral communication, excellent written communication, attention to detail "
212,Architecture and science managers ,Mgt ,240,"$106,000.00",Fair ,50,"Excellent oral communication, team player, excellent written communication "
213,Computer and information systems managers ,Mgt ,1090,"$108,600.00",Good ,210,"Organized, team player, attention to detail "
311,Managers in health care ,Mgt ,1320,"$101,800.00",Fair ,350,"Organized, effective interpersonal skills, excellent oral communication "
411,Government managers - health and social policy development and program administration ,Mgt ,170,"$107,100.00",Fair ,40,"Judgement, excellent written communication, accurate, excellent oral communication "
412,"Government managers - economic analysis, policy development and program administration ",Mgt ,140,"$107,100.00",Fair ,30,"Excellent oral communication, initiative, excellent written communication, effective interpersonal skills, dependability "
414,Other managers in public administration ,Mgt ,240,"$83,600.00",Fair ,60,n.a. 
421,Administrators - post-secondary education and vocational training ,Mgt ,630,"$112,300.00",Fair ,110,"Effective interpersonal skills, excellent oral communication, judgement, excellent written communication "
422,School principals and administrators of elementary and secondary education ,Mgt ,1170,"$109,600.00",Fair ,340,"Judgement, values and ethics, organized "
423,"Managers in social, community and correctional services ",Mgt ,1130,"$66,500.00",Fair ,270,"Excellent written communication, effective interpersonal skills, excellent oral communication "
431,Commissioned police officers ,Mgt ,70,"$154,500.00",Fair ,20,n.a. 
432,Fire chiefs and senior firefighting officers ,Mgt ,60,"$123,900.00",Fair ,20,n.a. 
433,Commissioned officers of the Canadian Forces ,Mgt ,320,"$63,700.00",Limited ,30,n.a. 
511,"Library, archive, museum and art gallery managers ",Mgt ,110,"$57,300.00",Fair ,30,"Attention to detail, work under pressure, tight deadlines "
512,"Managers - publishing, motion pictures, broadcasting and performing arts ",Mgt ,100,"$81,600.00",Fair ,50,"Organized, effective interpersonal skills, team player, excellent oral communication "
513,"Recreation, sports and fitness program and service directors ",Mgt ,440,"$51,000.00",Fair ,100,"Organized, reliability, effective interpersonal skills "
601,Corporate sales managers ,Mgt ,1550,"$113,900.00",Fair ,340,"Team player, excellent oral communication, organized "
621,Retail and wholesale trade managers ,Mgt ,14320,"$65,200.00",Good ,3490,"Team player, organized, attention to detail "
631,Restaurant and food service managers ,Mgt ,4030,"$43,700.00",Good ,680,"Team player, organized, reliability "
632,Accommodation service managers ,Mgt ,1170,"$49,700.00",Fair ,340,"Team player, attention to detail, effective interpersonal skills "
651,"Managers in customer and personal services, n.e.c. ",Mgt ,810,"$53,700.00",Fair ,120,"Organized, reliability, team player "
711,Construction managers ,Mgt ,3050,"$92,400.00",Good ,730,"Attention to detail, tight deadlines, organized "
712,Home building and renovation managers ,Mgt ,1390,"$54,200.00",Fair ,380,"Reliability, organized, attention to detail, flexibility "
714,Facility operation and maintenance managers ,Mgt ,2350,"$82,400.00",Fair ,480,"Reliability, attention to detail, team player "
731,Managers in transportation ,Mgt ,930,"$81,500.00",Good ,260,"Team player, organized, excellent oral communication "
811,Managers in natural resources production and fishing ,Mgt ,750,"$155,700.00",Limited ,50,"Excellent oral communication, team player, judgement "
821,Managers in agriculture ,Mgt ,22560,"$27,200.00",Good ,6520,"Attention to detail, organized, team player "
822,Managers in horticulture ,Mgt ,180,"$64,700.00",Fair ,50,"Attention to detail, team player, work under pressure, initiative "
911,Manufacturing managers ,Mgt ,1580,"$105,300.00",Fair ,390,"Organized, team player, attention to detail "
912,Utilities managers ,Mgt ,600,"$140,900.00",Fair ,130,n.a. 
1111,Financial auditors and accountants ,Univ ,5380,"$73,100.00",Fair ,870,"Organized, attention to detail, reliability "
1112,Financial and investment analysts ,Univ ,590,"$87,200.00",Fair ,80,"Organized, accurate, attention to detail "
1113,"Securities agents, investment dealers and brokers ",Univ ,270,"$71,200.00",Fair ,50,n.a. 
1114,Other financial officers ,Univ ,2940,"$70,800.00",Good ,540,"Attention to detail, excellent oral communication, organized "
1121,Human resources professionals ,Univ ,1910,"$80,700.00",Fair ,290,"Team player, excellent oral communication, organized "
1122,Professional occupations in business management consulting ,Univ ,1020,"$83,400.00",Fair ,160,"Excellent oral communication, organized, team player "
1123,"Professional occupations in advertising, marketing and public relations ",Univ ,1710,"$65,400.00",Fair ,230,"Effective interpersonal skills, organized, excellent oral communication "
1211,"Supervisors, general office and administrative support workers ",PS ,420,"$59,000.00",Fair ,80,"Organized, reliability, team player "
1212,"Supervisors, finance and insurance office workers ",PS ,480,"$66,100.00",Fair ,100,"Organized, accurate, reliability "
1213,"Supervisors, library, correspondence and related information workers ",PS ,90,"$75,400.00",Fair ,30,n.a. 
1214,"Supervisors, mail and message distribution occupations ",PS ,560,"$56,900.00",Good ,110,n.a. 
1215,"Supervisors, supply chain, tracking and scheduling co-ordination occupations ",PS ,1110,"$61,300.00",Fair ,250,"Attention to detail, organized, team player "
1221,Administrative officers ,PS ,8070,"$53,800.00",Good ,1780,"Organized, attention to detail, reliability "
1222,Executive assistants ,PS ,1210,"$66,500.00",Good ,230,"Organized, reliability, excellent written communication "
1223,Human resources and recruitment officers ,PS ,680,"$71,100.00",Fair ,110,"Organized, effective interpersonal skills, excellent oral communication "
1224,Property administrators ,PS ,1430,"$47,100.00",Good ,250,"Excellent oral communication, organized, effective interpersonal skills "
1225,Purchasing agents and officers ,PS ,1570,"$73,800.00",Fair ,320,"Organized, attention to detail, team player "
1226,Conference and event planners ,PS ,460,"$49,000.00",Fair ,70,"Attention to detail, organized, effective interpersonal skills "
1227,Court officers and justices of the peace ,PS ,110,"$59,400.00",Fair ,20,n.a. 
1228,"Employment insurance, immigration, border services and revenue officers ",PS ,410,"$69,600.00",Fair ,70,"Accurate, organized, excellent oral communication, attention to detail, work under pressure, client focus, effective interpersonal skills "
1241,Administrative assistants ,PS ,8050,"$48,800.00",Good ,1490,"Organized, reliability, attention to detail "
1242,Legal administrative assistants ,PS ,970,"$46,700.00",Limited ,160,"Attention to detail, reliability, organized "
1243,Medical administrative assistants ,PS ,1670,"$43,400.00",Fair ,310,"Organized, reliability, attention to detail "
1251,"Court reporters, medical transcriptionists and related occupations ",PS ,370,"$44,500.00",Fair ,70,"Reliability, excellent written communication, accurate, attention to detail "
1252,Health information management occupations ,PS ,280,"$57,400.00",Fair ,50,n.a. 
1253,Records management technicians ,PS ,100,"$56,600.00",Limited ,20,"Accurate, team player, organized "
1254,Statistical officers and related research support occupations ,PS ,90,"$56,800.00",Limited ,20,"Accurate, organized, attention to detail "
1311,Accounting technicians and bookkeepers ,PS ,4790,"$50,000.00",Fair ,1060,"Organized, reliability, accurate "
1312,Insurance adjusters and claims examiners ,PS ,1020,"$70,000.00",Fair ,220,"Attention to detail, tight deadlines, work under pressure "
1313,Insurance underwriters ,PS ,410,"$59,500.00",Fair ,80,"Attention to detail, reliability, organized "
1314,"Assessors, valuators and appraisers ",PS ,450,"$76,300.00",Fair ,60,n.a. 
1411,General office support workers ,HS ,8020,"$47,500.00",Fair ,1500,"Attention to detail, organized, reliability "
1414,Receptionists ,HS ,4770,"$38,200.00",Fair ,730,"Reliability, organized, excellent oral communication "
1415,Personnel clerks ,HS ,300,"$60,500.00",Limited ,60,"Team player, organized, attention to detail, reliability "
1416,Court clerks ,HS ,80,"$50,400.00",Limited ,10,n.a. 
1422,Data entry clerks ,HS ,1140,"$47,900.00",Fair ,270,"Attention to detail, tight deadlines, work under pressure "
1423,Desktop publishing operators and related occupations ,HS ,110,"$56,500.00",Limited ,20,"Tight deadlines, excellent written communication, organized, attention to detail, accurate, excellent oral communication "
1431,Accounting and related clerks ,HS ,4010,"$49,400.00",Fair ,800,"Organized, accurate, reliability "
1432,Payroll clerks ,HS ,1170,"$63,700.00",Fair ,210,"Organized, attention to detail, accurate "
1434,"Banking, insurance and other financial clerks ",HS ,670,"$55,200.00",Fair ,120,"Attention to detail, accurate, organized, effective interpersonal skills "
1435,Collectors ,HS ,280,"$57,300.00",Fair ,60,"Excellent oral communication, effective interpersonal skills, reliability "
1451,Library assistants and clerks ,HS ,360,"$42,100.00",Fair ,80,"Organized, excellent oral communication, effective interpersonal skills, excellent written communication "
1452,"Correspondence, publication and regulatory clerks ",HS ,770,"$53,700.00",Fair ,150,"Attention to detail, team player, organized "
1454,Survey interviewers and statistical clerks ,HS ,750,"$54,000.00",Fair ,180,"Excellent oral communication, effective interpersonal skills, attention to detail "
1511,"Mail, postal and related workers ",HS ,850,"$52,200.00",Fair ,90,"Attention to detail, reliability, team player "
1512,Letter carriers ,HS ,930,"$61,700.00",Fair ,70,n.a. 
1513,"Couriers, messengers and door-to-door distributors ",HS ,1080,"$47,600.00",Fair ,230,"Reliability, attention to detail, dependability "
1521,Shippers and receivers ,HS ,3100,"$47,100.00",Fair ,570,"Attention to detail, reliability, organized "
1522,Storekeepers and parts persons ,HS ,2170,"$48,400.00",Fair ,380,"Attention to detail, reliability, team player "
1523,Production logistics coordinators ,HS ,690,"$63,700.00",Fair ,100,"Attention to detail, excellent oral communication, team player "
1524,Purchasing and inventory control workers ,HS ,840,"$47,300.00",Fair ,150,"Team player, reliability, attention to detail "
1525,Dispatchers ,HS ,1270,"$59,200.00",Fair ,200,"Attention to detail, team player, effective interpersonal skills "
1526,Transportation route and crew schedulers ,HS ,180,"$49,900.00",Fair ,40,"Organized, attention to detail, reliability "
2112,Chemists ,Univ ,220,"$76,300.00",Fair ,20,"Organized, team player, attention to detail "
2113,Geoscientists and oceanographers ,Univ ,400,"$110,000.00",Limited ,30,"Attention to detail, work under pressure, tight deadlines "
2121,Biologists and related scientists ,Univ ,750,"$82,300.00",Fair ,90,"Excellent oral communication, excellent written communication, attention to detail "
2123,"Agricultural representatives, consultants and specialists ",Univ ,1000,"$67,200.00",Fair ,90,"Attention to detail, excellent oral communication, effective interpersonal skills "
2131,Civil engineers ,Univ ,1650,"$101,600.00",Fair ,300,"Attention to detail, work under pressure, tight deadlines "
2132,Mechanical engineers ,Univ ,1140,"$83,600.00",Fair ,170,"Organized, reliability, team player "
2133,Electrical and electronics engineers ,Univ ,1060,"$108,000.00",Fair ,170,"Attention to detail, team player, accurate, excellent oral communication "
2134,Chemical engineers ,Univ ,240,"$120,800.00",Limited ,20,"Team player, excellent written communication, accurate, excellent oral communication "
2141,Industrial and manufacturing engineers ,Univ ,320,"$92,300.00",Fair ,40,"Organized, team player, effective interpersonal skills "
2142,Metallurgical and materials engineers ,Univ ,70,"$148,900.00",Limited ,10,"Effective interpersonal skills, team player, organized, initiative, judgement "
2143,Mining engineers ,Univ ,220,"$128,600.00",Limited ,20,n.a. 
2144,Geological engineers ,Univ ,90,"$91,000.00",Fair ,20,"Effective interpersonal skills, initiative, organized, excellent written communication, team player, excellent oral communication, judgement "
2145,Petroleum engineers ,Univ ,210,"$101,200.00",Limited ,0,n.a. 
2147,Computer engineers (except software engineers and designers) ,Univ ,270,"$92,600.00",Fair ,30,"Team player, effective interpersonal skills, accurate "
2148,"Other professional engineers, n.e.c. ",Univ ,100,"$89,200.00",Fair ,20,"Team player, excellent oral communication, attention to detail "
2151,Architects ,Univ ,220,"$71,800.00",Fair ,70,"Team player, organized, attention to detail, excellent oral communication "
2153,Urban and land use planners ,Univ ,300,"$80,100.00",Fair ,40,"Organized, excellent oral communication, excellent written communication "
2154,Land surveyors ,Univ ,260,"$104,900.00",Fair ,50,"Attention to detail, tight deadlines, team player "
2161,"Mathematicians, statisticians and actuaries ",Univ ,160,"$89,000.00",Fair ,20,"Team player, accurate, flexibility, effective interpersonal skills, organized, attention to detail, excellent written communication, excellent oral communication "
2171,Information systems analysts and consultants ,Univ ,3100,"$83,100.00",Fair ,370,"Team player, organized, initiative "
2172,Database analysts and data administrators ,Univ ,410,"$95,300.00",Fair ,60,"Organized, accurate, team player "
2173,Software engineers and designers ,Univ ,390,"$80,000.00",Good ,40,"Team player, initiative, effective interpersonal skills "
2174,Computer programmers and interactive media developers ,Univ ,1600,"$81,900.00",Good ,140,"Team player, initiative, effective interpersonal skills "
2175,Web designers and developers ,Univ ,330,"$56,000.00",Fair ,20,"Organized, attention to detail, team player "
2211,Chemical technologists and technicians ,PS ,870,"$69,800.00",Fair ,120,"Attention to detail, work under pressure, tight deadlines "
2212,Geological and mineral technologists and technicians ,PS ,410,"$106,200.00",Limited ,40,"Team player, judgement, attention to detail "
2221,Biological technologists and technicians ,PS ,450,"$73,700.00",Limited ,50,"Attention to detail, excellent oral communication, accurate "
2222,Agricultural and fish products inspectors ,PS ,210,"$65,900.00",Fair ,40,n.a. 
2223,Forestry technologists and technicians ,PS ,160,"$79,200.00",Limited ,20,"Attention to detail, team player, effective interpersonal skills "
2224,Conservation and fishery officers ,PS ,190,"$77,000.00",Limited ,20,"Attention to detail, flexibility, organized "
2225,Landscape and horticulture technicians and specialists ,PS ,290,"$51,700.00",Fair ,50,"Attention to detail, reliability, team player "
2231,Civil engineering technologists and technicians ,PS ,730,"$68,200.00",Fair ,120,"Attention to detail, organized, team player "
2232,Mechanical engineering technologists and technicians ,PS ,470,"$85,000.00",Fair ,70,"Team player, dependability, attention to detail "
2233,Industrial engineering and manufacturing technologists and technicians ,PS ,300,"$71,200.00",Fair ,40,"Attention to detail, team player, organized "
2234,Construction estimators ,PS ,500,"$83,400.00",Fair ,110,"Attention to detail, organized, team player "
2241,Electrical and electronics engineering technologists and technicians ,PS ,1180,"$80,100.00",Good ,200,"Attention to detail, organized, team player "
2242,Electronic service technicians (household and business equipment) ,PS ,1670,"$52,000.00",Fair ,280,"Team player, organized, attention to detail "
2243,Industrial instrument technicians and mechanics ,PS ,590,"$121,500.00",Limited ,60,"Team player, excellent oral communication, organized "
2244,"Aircraft instrument, electrical and avionics mechanics, technicians and inspectors ",PS ,130,"$75,400.00",Fair ,30,"Team player, reliability, judgement, excellent oral communication, attention to detail, initiative "
2251,Architectural technologists and technicians ,PS ,320,"$57,200.00",Limited ,70,"Organized, attention to detail, team player "
2252,Industrial designers ,PS ,170,"$68,100.00",Fair ,30,"Attention to detail, tight deadlines, work under pressure "
2253,Drafting technologists and technicians ,PS ,940,"$73,400.00",Fair ,210,"Attention to detail, team player, organized "
2254,Land survey technologists and technicians ,PS ,100,"$94,900.00",Fair ,10,"Attention to detail, reliability, organized, dependability "
2255,Technical occupations in geomatics and meteorology ,PS ,270,"$76,100.00",Fair ,50,"Organized, attention to detail, accurate, excellent oral communication "
2261,Non-destructive testers and inspection technicians ,PS ,350,"$94,100.00",Fair ,50,"Attention to detail, organized, accurate "
2262,Engineering inspectors and regulatory officers ,PS ,180,"$92,800.00",Fair ,40,"Attention to detail, organized, reliability "
2263,Inspectors in public and environmental health and occupational health and safety ,PS ,1400,"$83,700.00",Fair ,210,"Excellent oral communication, team player, judgement "
2264,Construction inspectors ,PS ,610,"$76,100.00",Fair ,140,"Attention to detail, organized, effective interpersonal skills "
2271,"Air pilots, flight engineers and flying instructors ",PS ,510,"$77,100.00",Fair ,120,"Reliability, judgement, team player "
2272,Air traffic controllers and related occupations ,PS ,100,"$93,400.00",Fair ,20,n.a. 
2281,Computer network technicians ,PS ,1530,"$77,900.00",Fair ,190,"Attention to detail, team player, organized "
2282,User support technicians ,PS ,760,"$65,600.00",Fair ,90,"Team player, attention to detail, organized "
2283,Information systems testing technicians ,PS ,110,"$65,600.00",Fair ,10,"Tight deadlines, organized, attention to detail, flexibility "
3011,Nursing coordinators and supervisors ,Univ ,520,"$110,000.00",Good ,130,"Client focus, team player, values and ethics, effective interpersonal skills "
3012,Registered nurses and registered psychiatric nurses ,Univ ,12360,"$95,200.00",Good ,1900,"Effective interpersonal skills, team player, judgement "
3111,Specialist physicians ,Univ ,1290,"$139,400.00",Good ,200,"Team player, effective interpersonal skills, excellent oral communication "
3112,General practitioners and family physicians ,Univ ,1470,"$89,900.00",Good ,170,"Reliability, dependability, effective interpersonal skills "
3113,Dentists ,Univ ,400,"$156,600.00",Fair ,60,"Effective interpersonal skills, attention to detail, accurate "
3114,Veterinarians ,Univ ,370,"$90,200.00",Fair ,40,"Excellent oral communication, effective interpersonal skills, team player "
3121,Optometrists ,Univ ,130,"$90,900.00",Fair ,20,"Attention to detail, work under pressure, team player, effective interpersonal skills, values and ethics, client focus, reliability, excellent oral communication "
3122,Chiropractors ,Univ ,170,"$85,700.00",Good ,30,"Reliability, effective interpersonal skills, client focus, dependability "
3124,Allied primary health practitioners ,Univ ,210,"$125,600.00",Good ,40,"Excellent oral communication, effective interpersonal skills, reliability, team player, excellent written communication "
3131,Pharmacists ,Univ ,1310,"$111,100.00",Fair ,80,"Accurate, excellent oral communication, effective interpersonal skills "
3132,Dietitians and nutritionists ,Univ ,440,"$81,600.00",Fair ,40,"Reliability, team player, excellent oral communication, organized "
3141,Audiologists and speech-language pathologists ,Univ ,380,"$92,100.00",Good ,50,"Dependability, reliability, effective interpersonal skills "
3142,Physiotherapists ,Univ ,790,"$84,800.00",Good ,90,"Effective interpersonal skills, interpersonal awareness, excellent oral communication "
3143,Occupational therapists ,Univ ,400,"$82,900.00",Good ,40,"Excellent oral communication, organized, excellent written communication "
3144,Other professional occupations in therapy and assessment ,Univ ,330,"$59,800.00",Fair ,40,"Effective interpersonal skills, client focus, team player, dependability "
3211,Medical laboratory technologists ,PS ,810,"$78,600.00",Good ,180,"Attention to detail, excellent written communication, organized, excellent oral communication "
3212,Medical laboratory technicians and pathologists' assistants ,PS ,810,"$44,800.00",Good ,130,"Team player, reliability, effective interpersonal skills, excellent oral communication "
3213,Animal health technologists and veterinary technicians ,PS ,500,"$42,800.00",Limited ,30,"Organized, effective interpersonal skills, team player "
3214,"Respiratory therapists, clinical perfusionists and cardiopulmonary technologists ",PS ,280,"$86,300.00",Good ,40,"Reliability, dependability, team player, excellent oral communication, organized "
3215,Medical radiation technologists ,PS ,890,"$81,500.00",Fair ,120,"Effective interpersonal skills, team player, judgement "
3216,Medical sonographers ,PS ,170,"$106,300.00",Good ,30,"Attention to detail, excellent oral communication, reliability, client focus, dependability "
3217,"Cardiology technologists and electrophysiological diagnostic technologists, n.e.c. ",PS ,140,"$74,100.00",Good ,20,n.a. 
3219,Other medical technologists and technicians (except dental health) ,PS ,1090,"$39,500.00",Fair ,70,"Organized, accurate, team player "
3222,Dental hygienists and dental therapists ,PS ,650,"$75,500.00",Good ,80,"Team player, excellent oral communication, client focus "
3223,"Dental technologists, technicians and laboratory assistants ",PS ,110,"$57,000.00",Limited ,20,"Team player, attention to detail, effective interpersonal skills "
3231,Opticians ,PS ,290,"$48,900.00",Limited ,30,"Client focus, team player, reliability "
3232,Practitioners of natural healing ,PS ,210,"$23,100.00",Fair ,50,"Client focus, reliability, organized "
3233,Licensed practical nurses ,PS ,2780,"$77,700.00",Good ,390,"Attention to detail, team player, excellent oral communication, client focus "
3234,Paramedical occupations ,PS ,910,"$87,700.00",Good ,90,"Reliability, team player, flexibility "
3236,Massage therapists ,PS ,1180,"$41,300.00",Fair ,160,"Client focus, effective interpersonal skills, values and ethics "
3237,Other technical occupations in therapy and assessment ,PS ,290,"$57,700.00",Good ,50,"Reliability, organized, team player "
3411,Dental assistants ,HS ,910,"$49,500.00",Fair ,100,"Attention to detail, reliability, team player "
3413,"Nurse aides, orderlies and patient service associates ",HS ,10370,"$46,900.00",Good ,1720,"Team player, client focus, reliability "
3414,Other assisting occupations in support of health services ,HS ,1380,"$42,600.00",Fair ,210,"Reliability, organized, attention to detail "
4011,University professors and lecturers ,Univ ,2530,"$142,900.00",Fair ,270,"Excellent written communication, excellent oral communication, organized "
4012,Post-secondary teaching and research assistants ,Univ ,1960,"$43,400.00",Limited ,-10,"Attention to detail, team player, reliability "
4021,College and other vocational instructors ,Univ ,2580,"$88,800.00",Fair ,470,"Excellent oral communication, organized, client focus "
4031,Secondary school teachers ,Univ ,4170,"$86,300.00",Fair ,850,"Excellent oral communication, effective interpersonal skills, team player "
4032,Elementary school and kindergarten teachers ,Univ ,8580,"$84,600.00",Good ,1680,"Attention to detail, organized, excellent oral communication "
4033,Educational counsellors ,Univ ,700,"$75,500.00",Fair ,110,"Effective interpersonal skills, organized, excellent oral communication "
4111,Judges ,Univ ,90,"$287,000.00",Good ,20,n.a. 
4112,Lawyers and Quebec notaries ,Univ ,1780,"$129,600.00",Fair ,220,"Excellent oral communication, excellent written communication, attention to detail "
4151,Psychologists ,Univ ,430,"$103,400.00",Fair ,80,"Effective interpersonal skills, excellent oral communication, client focus "
4152,Social workers ,Univ ,2150,"$66,800.00",Fair ,320,"Effective interpersonal skills, client focus, reliability "
4153,"Family, marriage and other related counsellors ",Univ ,940,"$60,100.00",Fair ,180,"Effective interpersonal skills, judgement, reliability, client focus "
4154,Professional occupations in religion ,Univ ,1550,"$59,100.00",Fair ,360,"Excellent oral communication, initiative, flexibility "
4155,Probation and parole officers and related occupations ,Univ ,310,"$83,300.00",Limited ,30,n.a. 
4156,Employment counsellors ,Univ ,370,"$54,800.00",Fair ,80,"Client focus, excellent written communication, organized, excellent oral communication "
4161,"Natural and applied science policy researchers, consultants and program officers ",Univ ,660,"$71,600.00",Fair ,90,"Excellent oral communication, effective interpersonal skills, excellent written communication "
4162,Economists and economic policy researchers and analysts ,Univ ,280,"$92,900.00",Fair ,50,"Initiative, organized, accurate "
4163,Business development officers and marketing researchers and consultants ,Univ ,1130,"$86,600.00",Fair ,150,"Effective interpersonal skills, excellent oral communication, organized "
4164,"Social policy researchers, consultants and program officers ",Univ ,850,"$69,400.00",Fair ,120,"Organized, excellent oral communication, team player "
4165,"Health policy researchers, consultants and program officers ",Univ ,870,"$83,700.00",Fair ,130,"Team player, excellent written communication, work under pressure "
4166,"Education policy researchers, consultants and program officers ",Univ ,730,"$83,300.00",Fair ,140,"Effective interpersonal skills, team player, excellent oral communication "
4167,"Recreation, sports and fitness policy researchers, consultants and program officers ",Univ ,390,"$53,700.00",Fair ,60,"Team player, organized, excellent oral communication "
4168,Program officers unique to government ,Univ ,290,"$80,700.00",Fair ,60,n.a. 
4169,"Other professional occupations in social science, n.e.c. ",Univ ,140,"$81,600.00",Fair ,30,"Excellent oral communication, judgement, team player, interpersonal awareness "
4211,Paralegal and related occupations ,PS ,300,"$55,000.00",Fair ,50,"Organized, reliability, excellent written communication "
4212,Social and community service workers ,PS ,5200,"$46,400.00",Good ,860,"Team player, client focus, flexibility "
4214,Early childhood educators and assistants ,PS ,4930,"$32,000.00",Good ,800,"Team player, dependability, reliability "
4215,Instructors of persons with disabilities ,PS ,270,"$46,200.00",Fair ,50,"Effective interpersonal skills, flexibility, initiative "
4216,Other instructors ,PS ,660,"$59,900.00",Fair ,150,"Dependability, reliability, excellent oral communication "
4217,Other religious occupations ,PS ,290,"$44,600.00",Good ,80,"Effective interpersonal skills, excellent oral communication, dependability, values and ethics, reliability "
4311,Police officers (except commissioned) ,PS ,2170,"$113,300.00",Fair ,410,"Attention to detail, work under pressure, reliability, excellent written communication, tight deadlines, values and ethics, excellent oral communication, judgement, organized "
4312,Firefighters ,PS ,950,"$113,700.00",Fair ,210,"Team player, organized, judgement, excellent oral communication, reliability, excellent written communication, effective interpersonal skills, flexibility "
4313,Non-commissioned ranks of the Canadian Forces ,PS ,330,"$72,400.00",Fair ,40,"Effective interpersonal skills, team player, reliability, initiative, work under pressure, judgement, organized "
4411,Home child care providers ,HS ,4260,n.a. ,Good ,830,"Reliability, organized, flexibility "
4412,"Home support workers, housekeepers and related occupations ",HS ,2900,"$37,300.00",Fair ,580,"Reliability, dependability, flexibility "
4413,Elementary and secondary school teacher assistants ,HS ,4720,"$30,800.00",Good ,990,"Dependability, reliability, flexibility "
4421,Sheriffs and bailiffs ,HS ,140,"$62,500.00",Fair ,20,"Reliability, work under pressure, tight deadlines, attention to detail, organized, effective interpersonal skills, team player, flexibility, values and ethics, initiative, accurate, judgement "
4422,Correctional service officers ,HS ,1630,"$77,300.00",Fair ,230,"Values and ethics, reliability, judgement, effective interpersonal skills, team player, excellent oral communication, dependability, excellent written communication "
4423,"By-law enforcement and other regulatory officers, n.e.c. ",HS ,180,"$57,900.00",Fair ,40,"Reliability, judgement, attention to detail "
5111,Librarians ,Univ ,200,"$57,600.00",Fair ,50,"Organized, initiative, attention to detail, effective interpersonal skills "
5121,Authors and writers ,Univ ,400,"$49,000.00",Fair ,120,"Excellent written communication, team player, attention to detail "
5122,Editors ,Univ ,160,"$53,500.00",Good ,70,"Organized, excellent written communication, flexibility "
5123,Journalists ,Univ ,250,"$49,000.00",Good ,90,"Organized, initiative, excellent oral communication, excellent written communication "
5125,"Translators, terminologists and interpreters ",Univ ,140,n.a. ,Fair ,20,"Attention to detail, excellent oral communication, tight deadlines, accurate "
5131,"Producers, directors, choreographers and related occupations ",Univ ,320,"$43,400.00",Fair ,40,"Organized, effective interpersonal skills, excellent oral communication "
5133,Musicians and singers ,Univ ,900,"$36,200.00",Fair ,190,"Attention to detail, tight deadlines, work under pressure "
5134,Dancers ,Univ ,330,"$47,500.00",Fair ,30,"Attention to detail, work under pressure, tight deadlines "
5135,Actors and comedians ,Univ ,80,n.a. ,Fair ,10,"Effective interpersonal skills, excellent oral communication, interpersonal awareness "
5136,"Painters, sculptors and other visual artists ",Univ ,350,n.a. ,Good ,120,"Team player, initiative, attention to detail "
5211,Library and public archive technicians ,PS ,480,"$43,700.00",Fair ,120,"Organized, attention to detail, excellent written communication "
5212,Technical occupations related to museums and art galleries ,PS ,230,"$24,600.00",Limited ,30,"Excellent oral communication, attention to detail, dependability "
5221,Photographers ,PS ,450,"$30,700.00",Fair ,70,"Flexibility, attention to detail, client focus "
5222,Film and video camera operators ,PS ,60,n.a. ,Limited ,10,n.a. 
5225,Audio and video recording technicians ,PS ,120,"$48,500.00",Limited ,20,"Attention to detail, organized "
5226,"Other technical and co-ordinating occupations in motion pictures, broadcasting and the performing arts ",PS ,200,"$67,400.00",Fair ,30,"Team player, attention to detail, dependability "
5231,Announcers and other broadcasters ,PS ,250,"$61,200.00",Fair ,30,"Effective interpersonal skills, organized, excellent oral communication "
5232,"Other performers, n.e.c. ",PS ,90,n.a. ,Fair ,20,"Flexibility, reliability, client focus, effective interpersonal skills "
5241,Graphic designers and illustrators ,PS ,800,"$51,200.00",Fair ,160,"Work under pressure, tight deadlines, team player "
5242,Interior designers and interior decorators ,PS ,440,"$46,400.00",Fair ,110,"Attention to detail, organized, client focus "
5243,"Theatre, fashion, exhibit and other creative designers ",PS ,220,"$32,000.00",Fair ,50,"Attention to detail, team player, organized "
5244,Artisans and craftsperson ,PS ,380,"$31,000.00",Fair ,110,"Attention to detail, accurate, excellent oral communication "
5252,Coaches ,PS ,230,"$53,900.00",Fair ,30,"Organized, team player, reliability "
5253,Sports officials and referees ,PS ,170,n.a. ,Fair ,20,n.a. 
5254,"Program leaders and instructors in recreation, sport and fitness ",PS ,2610,"$38,400.00",Fair ,180,"Team player, dependability, reliability "
6211,Retail sales supervisors ,PS ,2250,"$41,300.00",Fair ,360,"Team player, organized, reliability "
6221,Technical sales specialists - wholesale trade ,PS ,2450,"$85,400.00",Fair ,440,"Excellent oral communication, effective interpersonal skills, client focus "
6222,Retail and wholesale buyers ,PS ,770,"$37,800.00",Fair ,110,"Attention to detail, organized, accurate "
6231,Insurance agents and brokers ,PS ,1970,"$59,100.00",Fair ,400,"Excellent oral communication, client focus, team player, organized "
6232,Real estate agents and salespersons ,PS ,1580,"$50,000.00",Fair ,140,n.a. 
6235,Financial sales representatives ,PS ,2160,"$55,600.00",Fair ,350,"Team player, organized, excellent oral communication "
6311,Food service supervisors ,PS ,1770,"$30,800.00",Fair ,200,"Team player, flexibility, work under pressure "
6312,Executive housekeepers ,PS ,180,"$33,000.00",Fair ,50,"Reliability, organized, attention to detail, team player, dependability "
6313,"Accommodation, travel, tourism and related services supervisors ",PS ,260,"$49,100.00",Limited ,50,"Organized, team player, attention to detail "
6314,Customer and information services supervisors ,PS ,190,"$65,000.00",Fair ,40,"Attention to detail, organized, client focus "
6315,Cleaning supervisors ,PS ,310,"$48,200.00",Fair ,80,"Reliability, flexibility, dependability "
6316,Other services supervisors ,PS ,460,"$50,400.00",Fair ,100,"Team player, organized, reliability "
6321,Chefs ,PS ,1140,"$43,300.00",Fair ,170,"Team player, organized, reliability "
6322,Cooks ,PS ,7550,"$30,500.00",Good ,1220,"Team player, reliability, work under pressure "
6331,"Butchers, meat cutters and fishmongers - retail and wholesale ",PS ,570,"$44,900.00",Fair ,110,"Reliability, work under pressure, team player "
6332,Bakers ,PS ,1210,"$32,400.00",Fair ,200,"Reliability, team player, dependability "
6341,Hairstylists and barbers ,PS ,3330,"$29,600.00",Fair ,430,"Client focus, reliability, attention to detail "
6342,"Tailors, dressmakers, furriers and milliners ",PS ,320,"$28,000.00",Fair ,80,"Attention to detail, reliability, organized "
6344,"Jewellers, jewellery and watch repairers and related occupations ",PS ,120,"$23,600.00",Fair ,30,"Attention to detail, accurate, team player, judgement "
6345,Upholsterers ,PS ,120,"$27,400.00",Fair ,40,Attention to detail 
6346,Funeral directors and embalmers ,PS ,270,"$53,100.00",Fair ,60,"Reliability, excellent oral communication, dependability "
6411,Sales and account representatives - wholesale trade (non-technical) ,HS ,2920,"$71,700.00",Good ,620,"Excellent oral communication, client focus, organized "
6421,Retail salespersons ,HS ,20020,"$40,700.00",Good ,3030,"Team player, dependability, reliability "
6511,Maîtres d'hôtel and hosts/hostesses ,HS ,860,"$26,700.00",Fair ,70,"Team player, excellent oral communication, organized "
6512,Bartenders ,HS ,1430,n.a. ,Fair ,150,"Reliability, team player, excellent oral communication "
6513,Food and beverage servers ,HS ,7000,n.a. ,Good ,680,"Team player, reliability, flexibility "
6521,Travel counsellors ,HS ,350,"$41,600.00",Fair ,90,"Team player, excellent oral communication, effective interpersonal skills, reliability "
6522,Pursers and flight attendants ,HS ,90,"$39,200.00",Limited ,20,n.a. 
6523,Airline ticket and service agents ,HS ,280,"$53,500.00",Fair ,90,"Team player, excellent oral communication, reliability "
6524,"Ground and water transport ticket agents, cargo service representatives and related clerks ",HS ,100,"$44,000.00",Fair ,20,"Excellent oral communication, team player, reliability "
6525,Hotel front desk clerks ,HS ,970,"$31,400.00",Limited ,230,"Reliability, attention to detail, team player "
6531,Tour and travel guides ,HS ,70,n.a. ,Limited ,10,"Attention to detail, excellent oral communication, client focus "
6532,Outdoor sport and recreational guides ,HS ,160,"$31,100.00",Fair ,50,"Team player, effective interpersonal skills, reliability "
6533,Casino occupations ,HS ,610,"$47,600.00",Fair ,80,"Effective interpersonal skills, work under pressure, excellent oral communication "
6541,Security guards and related security service occupations ,HS ,2900,"$40,100.00",Good ,660,"Reliability, team player, excellent oral communication "
6551,Customer services representatives - financial institutions ,HS ,2240,"$41,100.00",Fair ,330,"Client focus, attention to detail, excellent oral communication "
6552,Other customer and information services representatives ,HS ,4750,"$51,900.00",Fair ,740,"Attention to detail, reliability, excellent oral communication "
6561,"Image, social and other personal consultants ",HS ,80,"$32,500.00",Fair ,10,"Client focus, team player, reliability "
6562,"Estheticians, electrologists and related occupations ",HS ,1550,"$30,600.00",Fair ,160,"Client focus, reliability, attention to detail "
6563,Pet groomers and animal care workers ,HS ,600,"$29,600.00",Fair ,70,"Reliability, dependability, attention to detail "
6564,Other personal service occupations ,HS ,90,n.a. ,Fair ,20,n.a. 
6611,Cashiers ,LHS ,9740,"$28,500.00",Good ,1220,"Attention to detail, team player, flexibility "
6621,Service station attendants ,LHS ,1980,"$27,400.00",Limited ,220,"Reliability, effective interpersonal skills, flexibility "
6622,"Store shelf stockers, clerks and order fillers ",LHS ,5430,"$32,200.00",Fair ,710,"Attention to detail, team player, reliability "
6623,Other sales related occupations ,LHS ,710,"$38,300.00",Fair ,130,"Reliability, dependability, excellent oral communication "
6711,"Food counter attendants, kitchen helpers and related support occupations ",LHS ,11400,"$29,400.00",Good ,1140,"Team player, reliability, work under pressure "
6721,"Support occupations in accommodation, travel and facilities set-up services ",LHS ,80,"$38,700.00",Limited ,20,"Team player, flexibility, client focus "
6722,"Operators and attendants in amusement, recreation and sport ",LHS ,850,"$45,400.00",Limited ,110,"Reliability, team player, effective interpersonal skills "
6731,Light duty cleaners ,LHS ,7580,"$35,600.00",Good ,1620,"Attention to detail, reliability, dependability "
6732,Specialized cleaners ,LHS ,1970,"$34,300.00",Fair ,250,"Attention to detail, reliability, team player "
6733,"Janitors, caretakers and building superintendents ",LHS ,8940,"$43,100.00",Good ,1900,"Reliability, dependability, flexibility "
6741,"Dry cleaning, laundry and related occupations ",LHS ,810,"$32,400.00",Fair ,190,"Team player, attention to detail, work under pressure "
6742,"Other service support occupations, n.e.c. ",LHS ,780,"$40,100.00",Fair ,130,"Reliability, team player, flexibility "
7201,"Contractors and supervisors, machining, metal forming, shaping and erecting trades and related occupations ",PS ,740,"$87,400.00",Fair ,140,"Attention to detail, work under pressure, tight deadlines "
7202,"Contractors and supervisors, electrical trades and telecommunications occupations ",PS ,590,"$106,000.00",Fair ,90,"Effective interpersonal skills, organized, team player "
7203,"Contractors and supervisors, pipefitting trades ",PS ,280,"$92,000.00",Fair ,40,"Judgement, team player, reliability "
7204,"Contractors and supervisors, carpentry trades ",PS ,780,"$69,400.00",Fair ,240,"Organized, reliability, team player "
7205,"Contractors and supervisors, other construction trades, installers, repairers and servicers ",PS ,1670,"$67,000.00",Fair ,290,"Team player, reliability, organized "
7231,Machinists and machining and tooling inspectors ,PS ,790,"$73,100.00",Fair ,130,"Attention to detail, accurate, dependability "
7232,Tool and die makers ,PS ,80,"$58,200.00",Fair ,20,"Attention to detail, team player, organized "
7233,Sheet metal workers ,PS ,790,"$65,900.00",Fair ,60,"Dependability, team player, attention to detail "
7234,Boilermakers ,PS ,200,"$107,300.00",Limited ,20,"Attention to detail, tight deadlines "
7235,Structural metal and platework fabricators and fitters ,PS ,130,"$76,100.00",Fair ,20,"Attention to detail, reliability, team player "
7236,Ironworkers ,PS ,560,"$99,000.00",Limited ,50,"Reliability, team player, dependability "
7237,Welders and related machine operators ,PS ,5230,"$61,900.00",Fair ,740,"Attention to detail, team player, organized "
7241,Electricians (except industrial and power system) ,PS ,3930,"$69,200.00",Fair ,250,"Attention to detail, team player, organized "
7242,Industrial electricians ,PS ,1650,"$116,000.00",Fair ,230,"Team player, excellent oral communication, organized "
7243,Power system electricians ,PS ,160,"$120,800.00",Fair ,30,n.a. 
7244,Electrical power line and cable workers ,PS ,960,"$106,300.00",Limited ,70,"Tight deadlines, team player, accurate, judgement "
7245,Telecommunications line and cable workers ,PS ,320,"$82,300.00",Limited ,30,"Attention to detail, reliability, organized, flexibility "
7246,Telecommunications installation and repair workers ,PS ,900,"$79,000.00",Fair ,120,"Attention to detail, accurate, flexibility "
7251,Plumbers ,PS ,2960,"$67,300.00",Limited ,160,"Team player, work under pressure, judgement "
7252,"Steamfitters, pipefitters and sprinkler system installers ",PS ,860,"$96,800.00",Limited ,80,"Attention to detail, team player, effective interpersonal skills "
7253,Gas fitters ,PS ,190,"$104,600.00",Fair ,30,"Attention to detail, team player, dependability "
7271,Carpenters ,PS ,6390,"$52,300.00",Fair ,1130,"Team player, reliability, accurate "
7272,Cabinetmakers ,PS ,300,"$53,700.00",Limited ,110,"Attention to detail, team player, organized "
7281,Bricklayers ,PS ,360,"$60,200.00",Limited ,30,"Reliability, accurate, team player "
7282,Concrete finishers ,PS ,440,"$54,900.00",Limited ,30,"Team player, attention to detail, flexibility "
7283,Tilesetters ,PS ,240,"$51,000.00",Limited ,20,"Attention to detail, reliability, accurate "
7284,"Plasterers, drywall installers and finishers and lathers ",PS ,1140,"$44,000.00",Limited ,110,"Team player, reliability, dependability "
7291,Roofers and shinglers ,PS ,710,"$58,100.00",Fair ,50,"Team player, reliability, dependability "
7292,Glaziers ,PS ,270,"$51,900.00",Limited ,20,n.a 
7293,Insulators ,PS ,330,"$58,200.00",Limited ,30,n.a 
7294,Painters and decorators (except interior decorators) ,PS ,1470,"$49,700.00",Fair ,160,"Attention to detail, team player, reliability "
7295,Floor covering installers ,PS ,670,"$50,800.00",Fair ,80,"Team player, organized, effective interpersonal skills "
7301,"Contractors and supervisors, mechanic trades ",PS ,740,"$95,000.00",Fair ,170,"Attention to detail, team player, organized "
7302,"Contractors and supervisors, heavy equipment operator crews ",PS ,1830,"$92,700.00",Fair ,260,"Team player, reliability, organized "
7304,"Supervisors, railway transport operations ",PS ,120,"$102,500.00",Fair ,20,n.a. 
7305,"Supervisors, motor transport and other ground transit operators ",PS ,440,"$71,600.00",Fair ,110,"Organized, team player, flexibility "
7311,Construction millwrights and industrial mechanics ,PS ,2930,"$98,100.00",Fair ,380,"Attention to detail, team player, excellent oral communication "
7312,Heavy-duty equipment mechanics ,PS ,2830,"$82,100.00",Fair ,410,"Reliability, team player, attention to detail "
7313,Refrigeration and air conditioning mechanics ,PS ,620,"$78,600.00",Fair ,70,"Reliability, attention to detail, team player "
7314,Railway carmen/women ,PS ,230,"$70,400.00",Fair ,40,n.a. 
7315,Aircraft mechanics and aircraft inspectors ,PS ,340,"$78,600.00",Fair ,80,"Attention to detail, team player, reliability "
7318,Elevator constructors and mechanics ,PS ,110,"$103,900.00",Limited ,0,"Accurate, team player, organized "
7321,"Automotive service technicians, truck and bus mechanics and mechanical repairers ",PS ,5800,"$64,100.00",Good ,970,"Reliability, team player, attention to detail "
7322,Motor vehicle body repairers ,PS ,1410,"$64,200.00",Good ,260,"Attention to detail, reliability, team player "
7332,Appliance servicers and repairers ,PS ,240,"$49,200.00",Fair ,50,"Dependability, organized, client focus "
7333,Electrical mechanics ,PS ,90,"$78,500.00",Fair ,20,"Team player, accurate, excellent oral communication "
7334,"Motorcycle, all-terrain vehicle and other related mechanics ",PS ,200,"$65,000.00",Fair ,40,"Attention to detail, team player, reliability "
7335,Other small engine and small equipment repairers ,PS ,120,"$44,900.00",Limited ,20,"Attention to detail, reliability, team player "
7361,Railway and yard locomotive engineers ,PS ,560,"$122,000.00",Fair ,110,n.a. 
7362,Railway conductors and brakemen/women ,PS ,690,"$94,500.00",Fair ,70,"Attention to detail, reliability, judgement, accurate, dependability "
7371,Crane operators ,PS ,560,"$85,600.00",Fair ,80,"Attention to detail, team player, dependability "
7373,Water well drillers ,PS ,80,n.a. ,Limited ,10,Attention to detail 
7381,Printing press operators ,PS ,200,"$53,700.00",Fair ,40,"Attention to detail, reliability, team player "
7384,"Other trades and related occupations, n.e.c. ",PS ,370,"$50,900.00",Fair ,80,"Attention to detail, accurate, team player "
7441,Residential and commercial installers and servicers ,HS ,1470,"$52,800.00",Fair ,200,"Attention to detail, team player, reliability "
7442,Waterworks and gas maintenance workers ,HS ,360,"$66,300.00",Fair ,60,"Reliability, team player, attention to detail "
7444,Pest controllers and fumigators ,HS ,160,"$62,100.00",Fair ,40,"Attention to detail, reliability, effective interpersonal skills "
7445,Other repairers and servicers ,HS ,380,"$56,400.00",Fair ,70,"Reliability, attention to detail, organized "
7452,Material handlers ,HS ,5210,"$49,300.00",Fair ,910,"Reliability, team player, attention to detail "
7511,Transport truck drivers ,HS ,13320,"$63,900.00",Good ,3220,"Reliability, team player, flexibility "
7512,"Bus drivers, subway operators and other transit operators ",HS ,3350,"$49,900.00",Good ,980,"Reliability, team player, judgement "
7513,Taxi and limousine drivers and chauffeurs ,HS ,1550,"$25,000.00",Good ,410,"Reliability, flexibility, organized "
7514,Delivery and courier service drivers ,HS ,2350,"$43,400.00",Good ,320,"Reliability, team player, organized "
7521,Heavy equipment operators (except crane) ,HS ,5280,"$72,700.00",Fair ,540,Attention to detail 
7522,Public works maintenance equipment operators and related workers ,HS ,770,"$62,600.00",Fair ,150,"Team player, excellent oral communication, flexibility "
7531,Railway yard and track maintenance workers ,HS ,560,"$75,400.00",Fair ,90,"Attention to detail, work under pressure, team player "
7534,Air transport ramp attendants ,HS ,210,"$35,900.00",Fair ,40,"Team player, flexibility, reliability "
7535,Other automotive mechanical installers and servicers ,HS ,1160,"$43,600.00",Limited ,130,"Team player, attention to detail, reliability "
7611,Construction trades helpers and labourers ,LHS ,6740,"$51,100.00",Limited ,750,"Reliability, team player, flexibility "
7612,Other trades helpers and labourers ,LHS ,460,"$57,400.00",Limited ,50,"Team player, reliability, dependability "
7621,Public works and maintenance labourers ,LHS ,1290,"$52,300.00",Good ,270,"Dependability, team player, flexibility "
7622,Railway and motor transport labourers ,LHS ,220,"$66,100.00",Fair ,30,"Reliability, flexibility, team player "
8211,"Supervisors, logging and forestry ",PS ,70,"$76,300.00",Fair ,20,n.a. 
8221,"Supervisors, mining and quarrying ",PS ,770,"$163,700.00",Limited ,130,"Work under pressure, attention to detail, judgement, effective interpersonal skills, team player, dependability, initiative, flexibility "
8222,"Contractors and supervisors, oil and gas drilling and services ",PS ,1510,"$123,700.00",Limited ,30,"Effective interpersonal skills, team player, accurate, attention to detail, judgement, organized, tight deadlines, excellent oral communication, work under pressure, excellent written communication, initiative "
8231,Underground production and development miners ,PS ,1760,"$122,300.00",Limited ,70,"Work under pressure, team player, dependability "
8232,"Oil and gas well drillers, servicers, testers and related workers ",PS ,970,"$98,900.00",Limited ,-90,"Attention to detail, work under pressure, team player, reliability "
8241,Logging machinery operators ,PS ,150,"$65,800.00",Limited ,30,"Team player, attention to detail, work under pressure "
8252,"Agricultural service contractors, farm supervisors and specialized livestock workers ",PS ,910,"$48,700.00",Fair ,90,"Team player, attention to detail, organized "
8255,"Contractors and supervisors, landscaping, grounds maintenance and horticulture services ",PS ,600,"$56,500.00",Limited ,90,"Attention to detail, team player, initiative "
8411,Underground mine service and support workers ,HS ,340,"$111,400.00",Limited ,30,"Team player, reliability, dependability, excellent oral communication "
8412,Oil and gas well drilling and related workers and services operators ,HS ,720,"$79,100.00",Limited ,-60,"Reliability, team player, judgement "
8421,Chain saw and skidder operators ,HS ,110,"$41,000.00",Limited ,30,"Team player, judgement, dependability, flexibility, reliability "
8422,Silviculture and forestry workers ,HS ,170,"$99,200.00",Fair ,20,"Team player, judgement "
8431,General farm workers ,HS ,9580,"$35,700.00",Good ,1510,"Attention to detail, team player, work under pressure "
8432,Nursery and greenhouse workers ,HS ,430,"$39,700.00",Fair ,70,"Reliability, attention to detail, team player "
8611,Harvesting labourers ,LHS ,90,"$65,900.00",Fair ,10,"Reliability, team player, flexibility "
8612,Landscaping and grounds maintenance labourers ,LHS ,3080,"$42,000.00",Fair ,530,"Reliability, team player, dependability "
8614,Mine labourers ,LHS ,380,"$83,200.00",Limited ,10,"Team player, attention to detail, flexibility, effective interpersonal skills "
8615,"Oil and gas drilling, servicing and related labourers ",LHS ,1020,"$64,000.00",Limited ,-90,"Team player, attention to detail "
8616,Logging and forestry labourers ,LHS ,140,n.a. ,Fair ,30,"Reliability, team player, attention to detail "
9211,"Supervisors, mineral and metal processing ",PS ,210,"$100,200.00",Fair ,30,"Attention to detail, reliability, effective interpersonal skills "
9212,"Supervisors, petroleum, gas and chemical processing and utilities ",PS ,840,"$123,300.00",Fair ,170,"Team player, reliability, attention to detail, organized "
9213,"Supervisors, food, beverage and associated products processing ",PS ,390,"$72,700.00",Fair ,100,"Attention to detail, team player, reliability, flexibility "
9215,"Supervisors, forest products processing ",PS ,90,"$78,100.00",Good ,30,"Reliability, effective interpersonal skills, team player, judgement "
9226,"Supervisors, other mechanical and metal products manufacturing ",PS ,170,"$65,600.00",Fair ,40,n.a. 
9231,"Central control and process operators, mineral and metal processing ",PS ,130,"$116,600.00",Limited ,10,n.a. 
9232,"Petroleum, gas and chemical process operators ",PS ,1800,"$119,300.00",Limited ,20,"Attention to detail, team player, initiative "
9241,Power engineers and power systems operators ,PS ,1650,"$125,600.00",Limited ,160,"Dependability, team player, effective interpersonal skills "
9243,Water and waste treatment plant operators ,PS ,700,"$66,800.00",Fair ,130,"Reliability, excellent oral communication, organized "
9411,"Machine operators, mineral and metal processing ",HS ,260,"$89,500.00",Fair ,50,"Attention to detail, team player, excellent oral communication "
9414,"Concrete, clay and stone forming operators ",HS ,150,"$55,500.00",Fair ,20,"Team player, attention to detail, accurate "
9415,"Inspectors and testers, mineral and metal processing ",HS ,140,"$93,300.00",Fair ,20,"Accurate, team player, dependability "
9416,Metalworking and forging machine operators ,HS ,410,"$61,500.00",Fair ,70,"Attention to detail, team player, organized "
9417,Machining tool operators ,HS ,110,"$55,200.00",Fair ,20,"Attention to detail, reliability, excellent oral communication "
9418,Other metal products machine operators ,HS ,140,"$66,500.00",Fair ,20,"Attention to detail, team player, dependability "
9421,Chemical plant machine operators ,HS ,160,"$72,200.00",Fair ,30,"Attention to detail, team player, accurate "
9422,Plastics processing machine operators ,HS ,90,"$42,500.00",Fair ,-10,"Reliability, dependability, team player "
9423,Rubber processing machine operators and related workers ,HS ,220,"$82,800.00",Fair ,50,"Reliability, dependability, team player "
9431,Sawmill machine operators ,HS ,130,"$46,600.00",Limited ,30,"Team player, attention to detail, excellent oral communication "
9434,Other wood processing machine operators ,HS ,60,"$50,600.00",Limited ,20,Attention to detail 
9437,Woodworking machine operators ,HS ,70,"$49,600.00",Limited ,10,Attention to detail 
9442,"Weavers, knitters and other fabric making occupations ",HS ,100,"$29,500.00",Fair ,10,"Attention to detail, team player, accurate "
9446,Industrial sewing machine operators ,HS ,170,"$32,400.00",Fair ,40,"Attention to detail, reliability, accurate "
9461,"Process control and machine operators, food, beverage and associated products processing ",HS ,1000,"$50,100.00",Fair ,180,"Team player, attention to detail, flexibility "
9462,"Industrial butchers and meat cutters, poultry preparers and related workers ",HS ,440,"$39,400.00",Fair ,90,"Attention to detail, team player, accurate "
9465,"Testers and graders, food, beverage and associated products processing ",HS ,80,"$55,900.00",Fair ,20,"Reliability, attention to detail, team player "
9471,Plateless printing equipment operators ,HS ,110,"$47,800.00",Limited ,0,"Attention to detail, team player, organized "
9522,"Motor vehicle assemblers, inspectors and testers ",HS ,120,"$47,200.00",Fair ,20,"Attention to detail, reliability, team player "
9523,"Electronics assemblers, fabricators, inspectors and testers ",HS ,160,"$39,800.00",Fair ,80,"Attention to detail, team player, reliability "
9524,"Assemblers and inspectors, electrical appliance, apparatus and equipment manufacturing ",HS ,80,"$45,100.00",Fair ,20,"Team player, attention to detail, reliability "
9526,Mechanical assemblers and inspectors ,HS ,680,"$46,700.00",Fair ,140,"Attention to detail, reliability, team player "
9527,"Machine operators and inspectors, electrical apparatus manufacturing ",HS ,80,"$61,300.00",Fair ,20,"Flexibility, reliability, organized "
9532,Furniture and fixture assemblers and inspectors ,HS ,90,"$36,700.00",Limited ,20,"Attention to detail, reliability, team player "
9533,Other wood products assemblers and inspectors ,HS ,140,"$41,200.00",Fair ,20,"Attention to detail, team player, reliability "
9534,Furniture finishers and refinishers ,HS ,110,"$46,600.00",Limited ,30,"Team player, attention to detail, reliability "
9535,"Plastic products assemblers, finishers and inspectors ",HS ,80,"$42,500.00",Limited ,-20,"Reliability, team player, organized "
9536,"Industrial painters, coaters and metal finishing process operators ",HS ,480,"$51,900.00",Fair ,70,"Reliability, attention to detail, team player "
9537,"Other products assemblers, finishers and inspectors ",HS ,270,"$43,200.00",Fair ,40,"Attention to detail, team player, reliability "
9611,Labourers in mineral and metal processing ,LHS ,360,"$79,800.00",Fair ,50,"Team player, dependability, flexibility "
9612,Labourers in metal fabrication ,LHS ,340,"$60,200.00",Fair ,50,"Reliability, dependability, attention to detail "
9613,Labourers in chemical products processing and utilities ,LHS ,160,"$56,300.00",Fair ,30,Attention to detail 
9614,"Labourers in wood, pulp and paper processing ",LHS ,190,"$68,400.00",Fair ,30,Attention to detail 
9617,"Labourers in food, beverage and associated products processing ",LHS ,1710,"$35,700.00",Fair ,310,"Reliability, team player, attention to detail "
9619,"Other labourers in processing, manufacturing and utilities ",LHS ,1250,"$36,800.00",Fair ,250,"Reliability, attention to detail, team player "
